product_id,name_en,name_ar,brand,category,category_name_ar,category_link,series,price_sar,old_price_sar,availability,screen_size_in,display_type,ram_gb,storage_gb,short_desc,keywords,product_url,connectivity,item_type,resolution_px,ppi,cpu,os,bluetooth,wifi,Battery_mah,audio_jack,Micro_sd_slot
869917e19e21,BOOX Go 6,بووكس جو 6 2GB 32GB قارئ إلكتروني بشاشة حبر إلكتروني,boox,tablets_readers,الأجهزة اللوحية وأجهزة القراءة,https://shop.smart.sa/ar/category/EdyrGY,Go,599,,unknown,6,eink,2,32,بووكس جو 6 2GB 32GB قارئ إلكتروني بشاشة حبر إلكتروني,"boox,Go,eink,ram2,storage32",https://shop.smart.sa/ar/PdWNBoQ,واي فاي (2.4 جيجا هرتز + 5 جيجا هرتز) + BT 5.0,e-ink tablet,1448x1072,300,2.0Ghz ثماني النواة,أندرويد 11,5,Yes,1500,Yes,
98c73e2a9af0,BOOX Go 10.3,بووكس جو 10.3 (أبيض) 4GB 64GB جهاز لوحي بشاشة حبر إلكتروني بدون إضاءة,boox,tablets_readers,الأجهزة اللوحية وأجهزة القراءة,https://shop.smart.sa/ar/category/EdyrGY,Go,1599.01,,unknown,10.3,eink,4,64,بووكس جو 10.3 (أبيض) 4GB 64GB جهاز لوحي بشاشة حبر إلكتروني بدون إضاءة,"boox,Go,eink,10.3in,ram4,storage64",https://shop.smart.sa/ar/onAlzjR,واي فاي (2.4 جيجا هرتز + 5 جيجا هرتز) + BT 5.0,e-ink tablet,2480x1860,300,2.4Ghz ثماني النواة,أندرويد 12,5,Yes,3700,Yes,
aceb5f8458df,BOOX Palma 2 Pro Magnetic 2-in-1 Protective Case,بووكس حافظة الحماية المغناطيسية القابلة للطي لسلسلة بالما 2 برو (أزرق بنفسجي),boox,computer_accessories,الكمبيوتر وملحقاته,https://shop.smart.sa/ar/category/AxRPaD,Palma,99,,unknown,,,,,بووكس حافظة الحماية المغناطيسية القابلة للطي لسلسلة بالما 2 برو (أزرق بنفسجي),"boox,Palma,case",https://shop.smart.sa/ar/QzKWVmW,,case,,,,,,,,,
2dea0d88781b,BOOX Note Air5 C Magnetic Protective Case,بووكس حافظة الحماية الذكية القابلة للطي المغناطيسية لسلسلة نوت اير5 سي (أخضر داكن),boox,computer_accessories,الكمبيوتر وملحقاته,https://shop.smart.sa/ar/category/AxRPaD,Note Air,225,,unknown,,,,,بووكس حافظة الحماية الذكية القابلة للطي المغناطيسية لسلسلة نوت اير5 سي (أخضر داكن),"boox,Note Air,case",https://shop.smart.sa/ar/DpdYOYw,,case,,,,,,,,,
1cc3bf0d7fc0,BOOX Palma 2 Pro Magnetic 2-in-1 Protective Case,بووكس حافظة الحماية المغناطيسية القابلة للطي لسلسلة بالما 2 برو (اللون الرملي),boox,computer_accessories,الكمبيوتر وملحقاته,https://shop.smart.sa/ar/category/AxRPaD,Palma,99,,unknown,,,,,بووكس حافظة الحماية المغناطيسية القابلة للطي لسلسلة بالما 2 برو (اللون الرملي),"boox,Palma,case",https://shop.smart.sa/ar/gyOGgqd,,case,,,,,,,,,
d172e92efc8f,BOOX Palma 2 Pro Magnetic 2-in-1 Protective Case,بووكس حافظة الحماية المغناطيسية القابلة للطي لسلسلة بالما 2 برو (أزرق داكن),boox,computer_accessories,الكمبيوتر وملحقاته,https://shop.smart.sa/ar/category/AxRPaD,Palma,99,,unknown,,,,,بووكس حافظة الحماية المغناطيسية القابلة للطي لسلسلة بالما 2 برو (أزرق داكن),"boox,Palma,case",https://shop.smart.sa/ar/KRDzxwE,,case,,,,,,,,,
2d055288ba48,BOOX Note Air5 C Magnetic Keyboard Cover,بووكس حافظة الحماية المغناطيسية للوحة المفاتيح لسلسلة نوت اير5 سي (أحرف إنجليزية),boox,computer_accessories,الكمبيوتر وملحقاته,https://shop.smart.sa/ar/category/AxRPaD,Note Air,499,,unknown,,,,,بووكس حافظة الحماية المغناطيسية للوحة المفاتيح لسلسلة نوت اير5 سي (أحرف إنجليزية),"boox,Note Air,case",https://shop.smart.sa/ar/RvlPzay,,case,,,,,,,,,
cfd1cfaf3f2b,BOOX Note Air5 C Magnetic Protective Case,بووكس حافظة الحماية الذكية القابلة للطي المغناطيسية لسلسلة نوت اير5 سي,boox,computer_accessories,الكمبيوتر وملحقاته,https://shop.smart.sa/ar/category/AxRPaD,Note Air,225,,unknown,,,,,بووكس حافظة الحماية الذكية القابلة للطي المغناطيسية لسلسلة نوت اير5 سي,"boox,Note Air,case",https://shop.smart.sa/ar/bwyjddN,,case,,,,,,,,,
95dc09aa446d,BOOX Palma 2 Pro,بووكس بالما 2 برو (أبيض) 8G 128G قارئ إلكتروني بشاشة حبر ملون,boox,tablets_readers,الأجهزة اللوحية وأجهزة القراءة,https://shop.smart.sa/ar/category/EdyrGY,Palma,1699,,unknown,6.13,eink_color,8,,بووكس بالما 2 برو (أبيض) 8G 128G قارئ إلكتروني بشاشة حبر ملون,"boox,Palma,eink_color",https://shop.smart.sa/ar/EXpXaZQ,Wi-Fi + BT 5.1,e-ink tablet,824x1648,301,ثماني النواة + BSR,Android 13,5.1,Wi-Fi + BT 5.1,3950,Yes,Yes
4b243f51788e,BOOX Palma 2 Pro,بووكس بالما 2 برو (أسود) 8G 128G قارئ إلكتروني بشاشة حبر ملون,boox,tablets_readers,الأجهزة اللوحية وأجهزة القراءة,https://shop.smart.sa/ar/category/EdyrGY,Palma,1699,,unknown,6.13,eink_color,8,,بووكس بالما 2 برو (أسود) 8G 128G قارئ إلكتروني بشاشة حبر ملون,"boox,Palma,eink_color",https://shop.smart.sa/ar/zoDoBAo,Wi-Fi + BT 5.1,e-ink tablet,824x1648,301,ثماني النواة + BSR,Android 13,5.1,Wi-Fi + BT 5.1,3950,Yes,Yes
6692a224fa8e,BOOX Note Air5 C,بووكس نوت اير5 سي 6GB 64GB جهاز لوحي بشاشة حبر إلكتروني ملون,boox,tablets_readers,الأجهزة اللوحية وأجهزة القراءة,https://shop.smart.sa/ar/category/EdyrGY,Note Air,2299,,unknown,10.3,eink_color,6,64,بووكس نوت اير5 سي 6GB 64GB جهاز لوحي بشاشة حبر إلكتروني ملون,"boox,Note Air,eink_color,ram6,storage64",https://shop.smart.sa/ar/zoDooVl,واي فاي + بلوتوث 5.1,e-ink tablet,2480x1860,301,,أندرويد 15,5.1,Yes,3700,,Yes
373eb46d9b9e,Stylus Tips for BOOX InkSense Plus Stylus,بووكس InkSense بلس رؤوس قلم,boox,computer_accessories,الكمبيوتر وملحقاته,https://shop.smart.sa/ar/category/AxRPaD,,69,,unknown,,,,,بووكس InkSense بلس رؤوس قلم,"boox,stylus",https://shop.smart.sa/ar/ngPEqmr,,stylus,,,,,,,,,
d2499cbf7a7f,Screen protector (paperlike) 7 inch,x3 ستيكر شاشة مخصص لزيادة خشونة الكتابة مقاس 7 بوصه لاجهزة Go 7,,computer_accessories,الكمبيوتر وملحقاته,https://shop.smart.sa/ar/category/AxRPaD,,29,,unknown,,,,,x3 ستيكر شاشة مخصص لزيادة خشونة الكتابة مقاس 7 بوصه لاجهزة Go 7,7.0in,https://shop.smart.sa/ar/vArOoNp,,screen protector,,,,,,,,,
146fa301c514,InkSense Plus,بووكس قلم InkSense Plus بلس مع زر جانبي,boox,computer_accessories,الكمبيوتر وملحقاته,https://shop.smart.sa/ar/category/AxRPaD,,199,,unknown,,,,,بووكس قلم InkSense Plus بلس مع زر جانبي,"boox,stylus",https://shop.smart.sa/ar/EXqmbyA,,stylus,,,,,,,,,
c2cf64c5e9b5,Stylus Tips for BOOX InkSpire Stylus,بووكس إنك سباير رؤوس القلم,boox,computer_accessories,الكمبيوتر وملحقاته,https://shop.smart.sa/ar/category/AxRPaD,,59,,unknown,,,,,بووكس إنك سباير رؤوس القلم,"boox,stylus",https://shop.smart.sa/ar/zoarnBO,,stylus,,,,,,,,,
9fa223c24c33,BOOX InkSpire Magnetic Charging Stylus,بووكس إنك سباير قلم شحن مغناطيسي,boox,computer_accessories,الكمبيوتر وملحقاته,https://shop.smart.sa/ar/category/AxRPaD,,399,,unknown,,,,,بووكس إنك سباير قلم شحن مغناطيسي,"boox,stylus",https://shop.smart.sa/ar/OywEoGR,,stylus,,,,,,,,,
9f4b2f6591b8,Boox Palma 2 Magnetic 2-in-1 Protective Case,بووكس حافظة الحماية المغناطيسية القابلة للطي لسلسلة بالما 2 (أخضر داكن),boox,computer_accessories,الكمبيوتر وملحقاته,https://shop.smart.sa/ar/category/AxRPaD,Palma,89,,unknown,,,,,بووكس حافظة الحماية المغناطيسية القابلة للطي لسلسلة بالما 2 (أخضر داكن),"boox,Palma,case",https://shop.smart.sa/ar/YzgvjjZ,,case,,,,,,,,,
465fee649008,BOOX Bluetooth remote,بووكس ريموت بلوتوث,boox,computer_accessories,الكمبيوتر وملحقاته,https://shop.smart.sa/ar/category/AxRPaD,,99.02,,unknown,,,,,بووكس ريموت بلوتوث,boox,https://shop.smart.sa/ar/DpNDyQw,,accessory,,,,,,,,,
3b52e763e946,Boox Go 7 Series Magnetic Case,بووكس حافظة الحماية المغناطيسية لسلسلة جو 7 (رمادي),boox,computer_accessories,الكمبيوتر وملحقاته,https://shop.smart.sa/ar/category/AxRPaD,Go,159,,unknown,,,,,بووكس حافظة الحماية المغناطيسية لسلسلة جو 7 (رمادي),"boox,Go,case",https://shop.smart.sa/ar/XzbWogv,,case,,,,,,,,,
625d01414d7b,Boox Go 7 Series Magnetic Case,بووكس حافظة الحماية المغناطيسية لسلسلة جو 7 (بيج),boox,computer_accessories,الكمبيوتر وملحقاته,https://shop.smart.sa/ar/category/AxRPaD,Go,159,,unknown,,,,,بووكس حافظة الحماية المغناطيسية لسلسلة جو 7 (بيج),"boox,Go,case",https://shop.smart.sa/ar/OyAYbjY,,case,,,,,,,,,
cd8234e9b128,BOOX Go Color 7 (Gen II),جو 7 ملون الجيل الثاني 4GB 64GB قارئ إلكتروني بشاشة حبر إلكتروني ملون,boox,tablets_readers,الأجهزة اللوحية وأجهزة القراءة,https://shop.smart.sa/ar/category/EdyrGY,Go,1099,,unknown,7,eink_color,4,64,جو 7 ملون الجيل الثاني 4GB 64GB قارئ إلكتروني بشاشة حبر إلكتروني ملون,"boox,Go,eink_color,ram4,storage64",https://shop.smart.sa/ar/xvqqvpp,واي فاي + بلوتوث 5.1.,e-ink tablet,1680x1264,300,,أندرويد 13.,5.1.,Yes,2300,,Yes
be464fb42320,BOOX Go 7 Monochrome,بووكس جو 7 4GB 64GB قارئ إلكتروني بشاشة حبر اسود فقط إلكتروني (أبيض),boox,tablets_readers,الأجهزة اللوحية وأجهزة القراءة,https://shop.smart.sa/ar/category/EdyrGY,Go,899,,unknown,7,eink_mono,4,64,بووكس جو 7 4GB 64GB قارئ إلكتروني بشاشة حبر اسود فقط إلكتروني (أبيض),"boox,Go,eink_mono,ram4,storage64",https://shop.smart.sa/ar/yKZZKrK,واي فاي + بلوتوث 5.1.,e-ink tablet,1680x1264,300,,أندرويد 13.,5.1.,Yes,2300,,Yes
35f37189d1a3,BOOX Go 7 Monochrome,بووكس جو 7 4GB 64GB قارئ إلكتروني بشاشة حبر اسود فقط (أسود),boox,tablets_readers,الأجهزة اللوحية وأجهزة القراءة,https://shop.smart.sa/ar/category/EdyrGY,Go,899,,unknown,7,eink_mono,4,64,بووكس جو 7 4GB 64GB قارئ إلكتروني بشاشة حبر اسود فقط (أسود),"boox,Go,eink_mono,ram4,storage64",https://shop.smart.sa/ar/jgaagRg,واي فاي + بلوتوث 5.1.,e-ink tablet,1680x1264,300,,أندرويد 13.,5.1.,Yes,2300,,Yes
9446fad84391,BOOX Tab X C,بووكس تاب إكس سي 6GB 128GB جهاز لوحي بشاشة حبر إلكتروني ملون,boox,tablets_readers,الأجهزة اللوحية وأجهزة القراءة,https://shop.smart.sa/ar/category/EdyrGY,Tab,3199,,unknown,13.3,eink_color,6,128,بووكس تاب إكس سي 6GB 128GB جهاز لوحي بشاشة حبر إلكتروني ملون,"boox,Tab,eink_color,ram6,storage128",https://shop.smart.sa/ar/YzPPgjZ,واي فاي + بلوتوث 5.0,e-ink tablet,3200x2400,301,2.8Ghz ثماني النواة + BSR,أندرويد 13,5,Yes,5500,Yes,
15f8e707aa18,Boox Go 6 Magnetic Case White,بووكس حافظة الحماية المغناطيسية لسلسلة جو 6 (أبيض),boox,computer_accessories,الكمبيوتر وملحقاته,https://shop.smart.sa/ar/category/AxRPaD,Go,99,,unknown,,,,,بووكس حافظة الحماية المغناطيسية لسلسلة جو 6 (أبيض),"boox,Go,case",https://shop.smart.sa/ar/nElmnqw,,case,,,,,,,,,
4065e8b6e497,BOOX Go 6,بووكس جو 6 2GB 32GB قارئ إلكتروني بشاشة حبر إلكتروني (أبيض),boox,tablets_readers,الأجهزة اللوحية وأجهزة القراءة,https://shop.smart.sa/ar/category/EdyrGY,Go,599,,unknown,6,eink,2,32,بووكس جو 6 2GB 32GB قارئ إلكتروني بشاشة حبر إلكتروني (أبيض),"boox,Go,eink,ram2,storage32",https://shop.smart.sa/ar/WlaBKGw,واي فاي (2.4 جيجا هرتز + 5 جيجا هرتز) + BT 5.0,e-ink tablet,1448x1072,300,2.0Ghz ثماني النواة,أندرويد 11,5,Yes,1500,Yes,
a990a898e69c,BOOX Note Max & Tab X C Magnetic Keyboard Cover,بووكس حافظة الحماية المغناطيسية للوحة المفاتيح لسلسلة نوت ماكس وتاب اكس سي,boox,computer_accessories,الكمبيوتر وملحقاته,https://shop.smart.sa/ar/category/AxRPaD,Note Max,599,,unknown,,,,,بووكس حافظة الحماية المغناطيسية للوحة المفاتيح لسلسلة نوت ماكس وتاب اكس سي,"boox,Note Max,case",https://shop.smart.sa/ar/DGxwQvv,,case,,,,,,,,,
d3f7f5cadea7,BOOX Note Max Tab X C Magnetic Case,بووكس حافظة الحماية المغناطيسية لسلسلة نوت ماكس (أسود),boox,computer_accessories,الكمبيوتر وملحقاته,https://shop.smart.sa/ar/category/AxRPaD,Note Max,209,,unknown,,,,,بووكس حافظة الحماية المغناطيسية لسلسلة نوت ماكس (أسود),"boox,Note Max,case",https://shop.smart.sa/ar/ZYvBaqY,,case,,,,,,,,,
6713d8353507,BOOX Note Max,بووكس نوت ماكس حبر اسود فقط 6GB 128GB جهاز لوحي بشاشة حبر إلكتروني 13.3 بوصة بدون اضاءة داخليه,boox,tablets_readers,الأجهزة اللوحية وأجهزة القراءة,https://shop.smart.sa/ar/category/EdyrGY,Note Max,2799,,unknown,13.3,eink_mono,6,128,بووكس نوت ماكس حبر اسود فقط 6GB 128GB جهاز لوحي بشاشة حبر إلكتروني 13.3 بوصة بدون اضاءة داخليه,"boox,Note Max,eink_mono,13.3in,ram6,storage128",https://shop.smart.sa/ar/ePERpnY,Wi-Fi + BT 5.0,e-ink tablet,3200x2400,301,ثماني النواة بسرعة 2.8 جيجاهرتز + BSR,Android 13,5,Wi-Fi + BT 5.0,3700,Yes,
a05ecbc03ab2,BOOX Palma 2 TPU Case White,بووكس حافظة الحماية لسلسلة بالما 2 (أبيض),boox,computer_accessories,الكمبيوتر وملحقاته,https://shop.smart.sa/ar/category/AxRPaD,Palma,89,,unknown,,,,,بووكس حافظة الحماية لسلسلة بالما 2 (أبيض),"boox,Palma,case",https://shop.smart.sa/ar/qQPYNBW,,case,,,,,,,,,
97715c35816b,BOOX Palma 2 TPU Case Black,بووكس حافظة الحماية لسلسلة بالما 2 (أسود),boox,computer_accessories,الكمبيوتر وملحقاته,https://shop.smart.sa/ar/category/AxRPaD,Palma,89,,unknown,,,,,بووكس حافظة الحماية لسلسلة بالما 2 (أسود),"boox,Palma,case",https://shop.smart.sa/ar/WlwGraV,,case,,,,,,,,,
68e71714073d,BOOX Palma 2,بووكس بالما 2 (أسود) 6G 128G قارئ إلكتروني بشاشة حبر إلكتروني,boox,tablets_readers,الأجهزة اللوحية وأجهزة القراءة,https://shop.smart.sa/ar/category/EdyrGY,Palma,1099,,unknown,6.13,eink,,128,بووكس بالما 2 (أسود) 6G 128G قارئ إلكتروني بشاشة حبر إلكتروني,"boox,Palma,eink",https://shop.smart.sa/ar/OqQbabe,Wi-Fi + BT 5.1,e-ink tablet,824x1648,301,ثماني النواة + BSR,Android 13,5.1,Wi-Fi + BT 5.1,3950,Yes,Yes
20c7f015e38c,BOOX Note Air4 Cover,بووكس حافظة الحماية الذكية القابلة للطي المغناطيسية لسلسلة نوت اير4,boox,computer_accessories,الكمبيوتر وملحقاته,https://shop.smart.sa/ar/category/AxRPaD,Note Air,99,,unknown,,,,,بووكس حافظة الحماية الذكية القابلة للطي المغناطيسية لسلسلة نوت اير4,"boox,Note Air,case",https://shop.smart.sa/ar/OqpPXww,,case,,,,,,,,,
5130a509b706,BOOX Pen Plus,بووكس قلم بلس أبيض,boox,computer_accessories,الكمبيوتر وملحقاته,https://shop.smart.sa/ar/category/AxRPaD,,179,,unknown,,,,,بووكس قلم بلس أبيض,"boox,stylus",https://shop.smart.sa/ar/VqowRaK,,stylus,,,,,,,,,
17e3c8cc8c56,Boox Go 6 Magnetic Case,بووكس حافظة الحماية المغناطيسية لسلسلة جو 6 (أسود),boox,computer_accessories,الكمبيوتر وملحقاته,https://shop.smart.sa/ar/category/AxRPaD,Go,99,,unknown,,,,,بووكس حافظة الحماية المغناطيسية لسلسلة جو 6 (أسود),"boox,Go,case",https://shop.smart.sa/ar/QdDpzlD,,case,,,,,,,,,
c0caa2bfe72b,Boox Go 10.3 Cover,بووكس حافظة الحماية المغناطيسية لسلسلة جو 10.3,boox,computer_accessories,الكمبيوتر وملحقاته,https://shop.smart.sa/ar/category/AxRPaD,Go,199,,unknown,,,,,بووكس حافظة الحماية المغناطيسية لسلسلة جو 10.3,"boox,Go,10.3in,case",https://shop.smart.sa/ar/dPgNyRz,,case,,,,,,,,,
1243289d7aa7,BOOX Palma Cover Black TPU,بووكس حافظة الحماية لسلسلة بالما,boox,computer_accessories,الكمبيوتر وملحقاته,https://shop.smart.sa/ar/category/AxRPaD,Palma,89,,unknown,,,,,بووكس حافظة الحماية لسلسلة بالما,"boox,Palma,case",https://shop.smart.sa/ar/onAdGnz,,case,,,,,,,,,
3228b079cd06,BOOX Palma Cover Beige PU,بووكس حافظة الحماية القابلة للطي لسلسلة بالما,boox,computer_accessories,الكمبيوتر وملحقاته,https://shop.smart.sa/ar/category/AxRPaD,Palma,89,,unknown,,,,,بووكس حافظة الحماية القابلة للطي لسلسلة بالما,"boox,Palma,case",https://shop.smart.sa/ar/rAVabvl,,case,,,,,,,,,
fd9aba38d562,BOOX Stylus Tips for Pen Plus Pen2 Pro,بووكس رؤوس القلم متوافق مع قلم التراينقل و قلم 2 برو و قلم اكسترا,boox,computer_accessories,الكمبيوتر وملحقاته,https://shop.smart.sa/ar/category/AxRPaD,,79.01,,unknown,,,,,بووكس رؤوس القلم متوافق مع قلم التراينقل و قلم 2 برو و قلم اكسترا,"boox,stylus",https://shop.smart.sa/ar/XeDNOYV,,stylus,,,,,,,,,
2f645a12204e,BOOX Pen2 Pro Magnetic Stylus with an Eraser,بووكس قلم 2 برو المغناطيسي مع ممحاة,boox,computer_accessories,الكمبيوتر وملحقاته,https://shop.smart.sa/ar/category/AxRPaD,,269,,unknown,,,,,بووكس قلم 2 برو المغناطيسي مع ممحاة,"boox,stylus",https://shop.smart.sa/ar/zvGlPKG,,stylus,,,,,,,,,
62fd7e97a6be,BOOX Tab Ultra Pro Cover,بووكس حافظة الحماية الذكية القابلة للطي المغناطيسية لجهاز تاب الترا سي برو,boox,computer_accessories,الكمبيوتر وملحقاته,https://shop.smart.sa/ar/category/AxRPaD,Tab,97.75,,unknown,,,,,بووكس حافظة الحماية الذكية القابلة للطي المغناطيسية لجهاز تاب الترا سي برو,"boox,Tab,case",https://shop.smart.sa/ar/qQylPgV,,case,,,,,,,,,
716dc931b655,Boox Tab Mini Cover,بووكس حافظة الحماية المغناطيسية لسلسلة تاب ميني,boox,computer_accessories,الكمبيوتر وملحقاته,https://shop.smart.sa/ar/category/AxRPaD,Tab,99,,unknown,,,,,بووكس حافظة الحماية المغناطيسية لسلسلة تاب ميني,"boox,Tab,case",https://shop.smart.sa/ar/rAdlvBj,,case,,,,,,,,,
2a6fb86da2c2,BOOX Note Air4 C,بووكس نوت اير4 سي 6GB 64GB جهاز لوحي بشاشة حبر إلكتروني ملون,boox,tablets_readers,الأجهزة اللوحية وأجهزة القراءة,https://shop.smart.sa/ar/category/EdyrGY,Note Air,2299,,unknown,10.3,eink_color,6,64,بووكس نوت اير4 سي 6GB 64GB جهاز لوحي بشاشة حبر إلكتروني ملون,"boox,Note Air,eink_color,ram6,storage64",https://shop.smart.sa/ar/EZVjrpA,واي فاي (2.4 جيجا هرتز + 5 جيجا هرتز),e-ink tablet,2480x1860,301,كوالكوم ثماني النواة + BSR GPU,أندرويد 13,5.1,Wi-Fi,3700,Via USB-C,
42209143607b,Boox Palma 2 Magnetic 2-in-1 Protective Case,بووكس حافظة الحماية المغناطيسية القابلة للطي لسلسلة بالما 2 (اللون الرملي),boox,computer_accessories,الكمبيوتر وملحقاته,https://shop.smart.sa/ar/category/AxRPaD,Palma,89,,unknown,,,,,بووكس حافظة الحماية المغناطيسية القابلة للطي لسلسلة بالما 2 (اللون الرملي),"boox,Palma,case",https://shop.smart.sa/ar/azeGaAD,,case,,,,,,,,,
211bee436974,BOOX Mira Pro (Color Version),بووكس ميرا برو شاشة حبر إلكتروني ملون 25.3 بوصة,boox,interactive_screens,الأجهزة اللوحية وأجهزة القراءة,https://shop.smart.sa/ar/category/EdyrGY,Mira,7199,,unknown,25.3,eink_color,,,بووكس ميرا برو شاشة حبر إلكتروني ملون 25.3 بوصة,"boox,Mira,eink_color,25.3in",https://shop.smart.sa/ar/jgaaKwR,,e-ink monitor,3200x1800,145,,,,,,,
118b3de25226,BOOX Note Max Tab X C Magnetic Case,بووكس حافظة الحماية المغناطيسية لسلسلة نوت ماكس (رمادي فاتح),boox,computer_accessories,الكمبيوتر وملحقاته,https://shop.smart.sa/ar/category/AxRPaD,Note Max,209,,unknown,,,,,بووكس حافظة الحماية المغناطيسية لسلسلة نوت ماكس (رمادي فاتح),"boox,Note Max,case",https://shop.smart.sa/ar/qQPVxpK,,case,,,,,,,,,
31a09a7dbde6,Boox Palma 2 Flip-fold Protective Case,بووكس حافظة الحماية القابلة للطي لسلسلة بالما 2 (رمادي داكن),boox,computer_accessories,الكمبيوتر وملحقاته,https://shop.smart.sa/ar/category/AxRPaD,Palma,89,,unknown,,,,,بووكس حافظة الحماية القابلة للطي لسلسلة بالما 2 (رمادي داكن),"boox,Palma,case",https://shop.smart.sa/ar/XeBwYjn,,case,,,,,,,,,
4ac4e86e7e2e,Boox Palma 2 Flip-fold Protective Case,بووكس حافظة الحماية القابلة للطي لسلسلة بالما 2 (أبيض),boox,computer_accessories,الكمبيوتر وملحقاته,https://shop.smart.sa/ar/category/AxRPaD,Palma,89,,unknown,,,,,بووكس حافظة الحماية القابلة للطي لسلسلة بالما 2 (أبيض),"boox,Palma,case",https://shop.smart.sa/ar/onGXvNb,,case,,,,,,,,,
ce84ff2debe6,BOOX Palma 2,بووكس بالما 2 (أبيض) 6G 128G قارئ إلكتروني بشاشة حبر إلكتروني,boox,tablets_readers,الأجهزة اللوحية وأجهزة القراءة,https://shop.smart.sa/ar/category/EdyrGY,Palma,1099,,unknown,6.13,eink,,128,بووكس بالما 2 (أبيض) 6G 128G قارئ إلكتروني بشاشة حبر إلكتروني,"boox,Palma,eink",https://shop.smart.sa/ar/rABXepz,Wi-Fi + BT 5.1,e-ink tablet,824x1648,301,ثماني النواة + BSR,Android 13,5.1,Wi-Fi + BT 5.1,3950,Yes,Yes
159d7d004a90,Rechargeable reading light,إضاءة قابلة للشحن للقراءة الليلية Rechargeable Clamp Lamp light for Reading,,computer_accessories,الكمبيوتر وملحقاته,https://shop.smart.sa/ar/category/AxRPaD,,39,,unknown,,,,,إضاءة قابلة للشحن للقراءة الليلية Rechargeable Clamp Lamp light for Reading,reading light; Rechargeable reading light; tablets_readers,https://shop.smart.sa/ar/WlNPWyj,,reading light,,,,,,,,,
e8e7945432ea,- 110 4K UHD 32 256 . 48 8 SPARQ SMART Interactive Screens,"طلب مسبق (٤-٥ أسابيع) شاشة سبارك التفاعلية، شاشة لمس 110 بوصة، بدقة 4K UHD، ذاكرة رام 32 جيجابايت، سعة تخزين 256 جيجابايت .فيديو كونفرنس 48 ميجا بيكسل و 8 مايكروفونات، SPARQ SMART Interactive Screens",sparq,interactive_screens,الشاشات التفاعلية,https://shop.smart.sa/ar/category/YYKKAR,Interactive Screen,32999,,unknown,110,interactive_display,32,,"طلب مسبق (٤-٥ أسابيع) شاشة سبارك التفاعلية، شاشة لمس 110 بوصة، بدقة 4K UHD، ذاكرة رام 32 جيجابايت، سعة تخزين 256 جيجابايت .فيديو كونفرنس 48 ميجا بيكسل و 8 مايكروفونات، SPARQ SMART Interactive Screens","sparq,Interactive Screen,interactive_display,110.0in,ram32",https://shop.smart.sa/ar/PDQaqBg,,interactive display,,,,,,,,,
a178d7dcede6,- 98 4K UHD 32 256 . 48 8 SPARQ SMART Interactive Screens,"طلب مسبق (٤-٥ اسابيع) شاشة سبارك التفاعلية، شاشة لمس 98 بوصة، بدقة 4K UHD، ذاكرة رام 32 جيجابايت، سعة تخزين 256 جيجابايت .فيديو كونفرنس 48 ميجا بيكسل و 8 مايكروفونات، SPARQ SMART Interactive Screens",sparq,interactive_screens,الشاشات التفاعلية,https://shop.smart.sa/ar/category/YYKKAR,Interactive Screen,12799.04,,unknown,98,interactive_display,32,,"طلب مسبق (٤-٥ اسابيع) شاشة سبارك التفاعلية، شاشة لمس 98 بوصة، بدقة 4K UHD، ذاكرة رام 32 جيجابايت، سعة تخزين 256 جيجابايت .فيديو كونفرنس 48 ميجا بيكسل و 8 مايكروفونات، SPARQ SMART Interactive Screens","sparq,Interactive Screen,interactive_display,98.0in,ram32",https://shop.smart.sa/ar/xvoEqZQ,,interactive display,,,,,,,,,
559a1603d7d2,- 86 4K UHD 32 256 . 48 8 SPARQ SMART Interactive Screens,"طلب مسبق (٤-٥ اسابيع) شاشة سبارك التفاعلية، شاشة لمس 86 بوصة، بدقة 4K UHD، ذاكرة رام 32 جيجابايت، سعة تخزين 256 جيجابايت .فيديو كونفرنس 48 ميجا بيكسل و 8 مايكروفونات، SPARQ SMART Interactive Screens",sparq,interactive_screens,الشاشات التفاعلية,https://shop.smart.sa/ar/category/YYKKAR,Interactive Screen,7999,,unknown,86,interactive_display,32,,"طلب مسبق (٤-٥ اسابيع) شاشة سبارك التفاعلية، شاشة لمس 86 بوصة، بدقة 4K UHD، ذاكرة رام 32 جيجابايت، سعة تخزين 256 جيجابايت .فيديو كونفرنس 48 ميجا بيكسل و 8 مايكروفونات، SPARQ SMART Interactive Screens","sparq,Interactive Screen,interactive_display,86.0in,ram32",https://shop.smart.sa/ar/gyAjQxZ,,interactive display,,,,,,,,,
4f72f5dbca4c,- 75 4K UHD 32 256 . 48 8 SPARQ SMART Interactive Screens,"طلب مسبق (٤-٥ اسابيع) شاشة سبارك التفاعلية، شاشة لمس 75 بوصة، بدقة 4K UHD، ذاكرة رام 32 جيجابايت، سعة تخزين 256 جيجابايت .فيديو كونفرنس 48 ميجا بيكسل و 8 مايكروفونات، SPARQ SMART Interactive Screens",sparq,interactive_screens,الشاشات التفاعلية,https://shop.smart.sa/ar/category/YYKKAR,Interactive Screen,6999.02,,unknown,75,interactive_display,32,,"طلب مسبق (٤-٥ اسابيع) شاشة سبارك التفاعلية، شاشة لمس 75 بوصة، بدقة 4K UHD، ذاكرة رام 32 جيجابايت، سعة تخزين 256 جيجابايت .فيديو كونفرنس 48 ميجا بيكسل و 8 مايكروفونات، SPARQ SMART Interactive Screens","sparq,Interactive Screen,interactive_display,75.0in,ram32",https://shop.smart.sa/ar/oZRaQOY,,interactive display,,,,,,,,,
4e699141243d,- 65 4K UHD 32 256 . 48 8 SPARQ SMART Interactive Screens,"طلب مسبق (٤-٥ اسابيع) شاشة سبارك التفاعلية، شاشة لمس 65 بوصة، بدقة 4K UHD، ذاكرة رام 32 جيجابايت، سعة تخزين 256 جيجابايت .فيديو كونفرنس 48 ميجا بيكسل و 8 مايكروفونات، SPARQ SMART Interactive Screens",sparq,interactive_screens,الشاشات التفاعلية,https://shop.smart.sa/ar/category/YYKKAR,Interactive Screen,6299.01,,unknown,65,interactive_display,32,,"طلب مسبق (٤-٥ اسابيع) شاشة سبارك التفاعلية، شاشة لمس 65 بوصة، بدقة 4K UHD، ذاكرة رام 32 جيجابايت، سعة تخزين 256 جيجابايت .فيديو كونفرنس 48 ميجا بيكسل و 8 مايكروفونات، SPARQ SMART Interactive Screens","sparq,Interactive Screen,interactive_display,65.0in,ram32",https://shop.smart.sa/ar/eQAeyAd,,interactive display,,,,,,,,,
f715a307232e,ST41 mobile stand,ST41 ستاند متنقل,smart,computer_accessories,الكمبيوتر وملحقاته,https://shop.smart.sa/ar/category/AxRPaD,,1199,,unknown,,,,,ST41 ستاند متنقل,smart; stand; ST41 mobile stand; interactive_screens,https://shop.smart.sa/ar/vXWWlXZ,,stand,,,,,,,,,
d8c3ec219156,SMART Docking Station 15-in-1,قاعدة توصيل طاقة سمارت 15 بـ 1,smart,computer_accessories,الكمبيوتر وملحقاته,https://shop.smart.sa/ar/category/AxRPaD,,379.01,,unknown,,,,,قاعدة توصيل طاقة سمارت 15 بـ 1,"smart,dock",https://shop.smart.sa/ar/wAEZQmw,,dock,,,,,,,,,
f85d6cc61334,Canvas tote bag (تكنولوجيا),حقيبة كيس حمل قماشية (تكنولوجيا),smart,computer_accessories,الكمبيوتر وملحقاته,https://shop.smart.sa/ar/category/AxRPaD,,25,,unknown,,,,,حقيبة كيس حمل قماشية (تكنولوجيا),smart; bag; Canvas tote bag (تكنولوجيا); computer_accessories,https://shop.smart.sa/ar/BrePvxR,,bag,,,,,,,,,
4ded43da99f8,Canvas tote bag (كوكيز),حقيبة كيس حمل قماشية (كوكيز),smart,computer_accessories,الكمبيوتر وملحقاته,https://shop.smart.sa/ar/category/AxRPaD,,25,,unknown,,,,,حقيبة كيس حمل قماشية (كوكيز),smart; bag; Canvas tote bag (كوكيز); computer_accessories,https://shop.smart.sa/ar/ZYagleO,,bag,,,,,,,,,
ac96e9683875,Canvas tote bag (طفيه وشغله),حقيبة كيس حمل قماشية (طفيه وشغله),smart,computer_accessories,الكمبيوتر وملحقاته,https://shop.smart.sa/ar/category/AxRPaD,,25,,unknown,,,,,حقيبة كيس حمل قماشية (طفيه وشغله),smart; bag; Canvas tote bag (طفيه وشغله); computer_accessories,https://shop.smart.sa/ar/mQVPeKV,,bag,,,,,,,,,
38071f7b7641,Canvas tote bag (الإنترنت والرسائل),حقيبة كيس حمل قماشية (الإنترنت والرسائل),smart,computer_accessories,الكمبيوتر وملحقاته,https://shop.smart.sa/ar/category/AxRPaD,,25,,unknown,,,,,حقيبة كيس حمل قماشية (الإنترنت والرسائل),smart; bag; Canvas tote bag (الإنترنت والرسائل); computer_accessories,https://shop.smart.sa/ar/vXvKZwx,,bag,,,,,,,,,
b2a310d46cbe,Lenovo Screen,لينوفو شاشة ثينك فيجن 23.8 بوصة S24e-20,lenovo,computer_accessories,الكمبيوتر وملحقاته,https://shop.smart.sa/ar/category/AxRPaD,,448.99,,unknown,,,,,لينوفو شاشة ثينك فيجن 23.8 بوصة S24e-20,"lenovo,23.8in",https://shop.smart.sa/ar/bRORvDV,,monitor,,,,,,,,,
b7b1cf81ae89,MK295 920-009801,لوجيتيك مجموعة لوحة مفاتيح وماوس سايلنت لاسلكية MK295 أسود 920-009801,logitech,computer_accessories,الكمبيوتر وملحقاته,https://shop.smart.sa/ar/category/AxRPaD,,129,,unknown,,,,,لوجيتيك مجموعة لوحة مفاتيح وماوس سايلنت لاسلكية MK295 أسود 920-009801,logitech,https://shop.smart.sa/ar/PdajPPQ,,,,,,,,,,,
bbf1053f7a42,Logitech C925E Webcam,لوجيتيك كاميرا ويب C925E يو إس بي 1920x1080 بكسل,logitech,computer_accessories,الكمبيوتر وملحقاته,https://shop.smart.sa/ar/category/AxRPaD,,379.01,,unknown,,,,,لوجيتيك كاميرا ويب C925E يو إس بي 1920x1080 بكسل,logitech,https://shop.smart.sa/ar/qQdeXRn,,,,,,,,,,,
65d064e296fb,Lenovo ThinkPad T14s 21F60060AD,"(طلب مسبق - 2 أسبوع) لينوفو لابتوب ثينك باد T14s آي 7 1335U، رام 16 جيجا بايت، تخزين 1 تيرا SSD M.2، ويندوز 11 برو",lenovo,computer_accessories,الكمبيوتر وملحقاته,https://shop.smart.sa/ar/category/AxRPaD,ThinkPad,6999,,unknown,,,,,"(طلب مسبق - 2 أسبوع) لينوفو لابتوب ثينك باد T14s آي 7 1335U، رام 16 جيجا بايت، تخزين 1 تيرا SSD M.2، ويندوز 11 برو","lenovo,ThinkPad,ram16",https://shop.smart.sa/ar/zvWzYQA,,,,,,,,,,,
65a7bb68ce1d,Logitech MK345 Comfort Wireless Keyboard and Mouse Combo,لوجيتيك مجموعة لوحة مفاتيح وماوس لاسلكية MK345 عربي إنجليزي أسود 920-010068,logitech,computer_accessories,الكمبيوتر وملحقاته,https://shop.smart.sa/ar/category/AxRPaD,,149.01,,unknown,,,,,لوجيتيك مجموعة لوحة مفاتيح وماوس لاسلكية MK345 عربي إنجليزي أسود 920-010068,"logitech,keyboard",https://shop.smart.sa/ar/zvmwqWp,,keyboard,,,,,,,,,
235eef2ab12e,Logitech M720 Triathlon Wireless Mouse,لوجيتيك ماوس لاسلكي M720 تراياثلون لون أسود 910-004791,logitech,computer_accessories,الكمبيوتر وملحقاته,https://shop.smart.sa/ar/category/AxRPaD,,169,,unknown,,,,,لوجيتيك ماوس لاسلكي M720 تراياثلون لون أسود 910-004791,logitech,https://shop.smart.sa/ar/jZPjplz,,,,,,,,,,,
ac691bb2c93e,MacBook Pro 16.2 inch (Apple silicon),"ماك بوك برو 16.2 بوصة شريحة آبل إم 3، معالج 12 كور، رام 18 جيجا، تخزين 512 جيجا لون أسود فلكي",apple,computer_accessories,الكمبيوتر وملحقاته,https://shop.smart.sa/ar/category/AxRPaD,,10999,,unknown,,,,,"ماك بوك برو 16.2 بوصة شريحة آبل إم 3، معالج 12 كور، رام 18 جيجا، تخزين 512 جيجا لون أسود فلكي","16.2in,ram18",https://shop.smart.sa/ar/jZPRyKB,,laptop,,,,,,,,,
5ded9fe04f3c,Logitech Zone Vibe 100 Wireless,لوجيتيك سماعات لاسلكية زون فايب 100 لون جرافيت 981-001213,logitech,computer_accessories,الكمبيوتر وملحقاته,https://shop.smart.sa/ar/category/AxRPaD,,389,,unknown,,,,,لوجيتيك سماعات لاسلكية زون فايب 100 لون جرافيت 981-001213,logitech,https://shop.smart.sa/ar/ydjgqpO,,,,,,,,,,,
2e24ae794596,Logitech Wireless Keyboard and Mouse Combo MK270,لوجيتيك مجموعة لوحة مفاتيح وماوس لاسلكية MK270 عربي إنجليزي أسود 920-004519,logitech,computer_accessories,الكمبيوتر وملحقاته,https://shop.smart.sa/ar/category/AxRPaD,,109,,unknown,,,,,لوجيتيك مجموعة لوحة مفاتيح وماوس لاسلكية MK270 عربي إنجليزي أسود 920-004519,"logitech,keyboard",https://shop.smart.sa/ar/rAWPVoy,,keyboard,,,,,,,,,
dd6f94aa6189,Logitech M330 Silent Plus Wireless Mouse,لوجيتيك ماوس لاسلكي M330 سايلنت بلس لون أسود 910-004909,logitech,computer_accessories,الكمبيوتر وملحقاته,https://shop.smart.sa/ar/category/AxRPaD,,79.01,,unknown,,,,,لوجيتيك ماوس لاسلكي M330 سايلنت بلس لون أسود 910-004909,logitech,https://shop.smart.sa/ar/ePByboB,,,,,,,,,,,
14311df03113,Logitech M171 Wireless Mouse,لوجيتيك ماوس لاسلكي M171 سهل التوصيل والتشغيل أسود 910-004424,logitech,computer_accessories,الكمبيوتر وملحقاته,https://shop.smart.sa/ar/category/AxRPaD,,49,,unknown,,,,,لوجيتيك ماوس لاسلكي M171 سهل التوصيل والتشغيل أسود 910-004424,logitech,https://shop.smart.sa/ar/aemYoDl,,,,,,,,,,,
44f6980dd3dc,Logitech K580 Slim Multi-Device Wireless Keyboard,لوجيتيك لوحة مفاتيح K580 لاسلكية رفيعة متعددة الأجهزة عربي لون جرافيت 920-010073,logitech,computer_accessories,الكمبيوتر وملحقاته,https://shop.smart.sa/ar/category/AxRPaD,,209,,unknown,,,,,لوجيتيك لوحة مفاتيح K580 لاسلكية رفيعة متعددة الأجهزة عربي لون جرافيت 920-010073,"logitech,keyboard",https://shop.smart.sa/ar/VqmKzOq,,keyboard,,,,,,,,,
62e468e6604c,MK220 920-003160,لوجيتيك مجموعة لوحة مفاتيح وماوس لاسلكية MK220 أسود 920-003160,logitech,computer_accessories,الكمبيوتر وملحقاته,https://shop.smart.sa/ar/category/AxRPaD,,99,,unknown,,,,,لوجيتيك مجموعة لوحة مفاتيح وماوس لاسلكية MK220 أسود 920-003160,logitech,https://shop.smart.sa/ar/vXQdxXa,,,,,,,,,,,
89f46765762a,Logitech H390 USB Computer Headset,لوجيتيك سماعات رأس يو إس بي H390 لون أسود مع خاصية عزل الضوضاء 981-000406,logitech,computer_accessories,الكمبيوتر وملحقاته,https://shop.smart.sa/ar/category/AxRPaD,,129,,unknown,,,,,لوجيتيك سماعات رأس يو إس بي H390 لون أسود مع خاصية عزل الضوضاء 981-000406,logitech,https://shop.smart.sa/ar/QdmPGNN,,,,,,,,,,,
ef712cfa0bfa,Logitech Combo Touch for iPad,لوجيتيك لوحة مفاتيح للأيباد (جيل سابع وثامن وتاسع) عربي لون جرافيت 920-009996,logitech,computer_accessories,الكمبيوتر وملحقاته,https://shop.smart.sa/ar/category/AxRPaD,,579,,unknown,,,,,لوجيتيك لوحة مفاتيح للأيباد (جيل سابع وثامن وتاسع) عربي لون جرافيت 920-009996,logitech,https://shop.smart.sa/ar/RAmpYQP,,,,,,,,,,,
70054e4c2a83,Logitech laser presenter R500s,لوجيتك مؤشر عرض ليزر من الفئة 1 طراز R500s بلوتوث وUSB - نطاق 20 متر - بطارية ذكية تدوم 12 شهراً - لون أسود,logitech,computer_accessories,الكمبيوتر وملحقاته,https://shop.smart.sa/ar/category/AxRPaD,,169,,unknown,,,,,لوجيتك مؤشر عرض ليزر من الفئة 1 طراز R500s بلوتوث وUSB - نطاق 20 متر - بطارية ذكية تدوم 12 شهراً - لون أسود,logitech; presentation remote; Logitech laser presenter R500s; computer_accessories,https://shop.smart.sa/ar/wWQKGQW,,presentation remote,,,,,,,,,
5df9ec05fba4,Lenovo Screen,لينوفو شاشة إل سي دي ثينك فيجن T24i-30 24 بوصة كلاس فل اتش دي 16:9 أسود 63CFMATXWW,lenovo,computer_accessories,الكمبيوتر وملحقاته,https://shop.smart.sa/ar/category/AxRPaD,,599,,unknown,,,,,لينوفو شاشة إل سي دي ثينك فيجن T24i-30 24 بوصة كلاس فل اتش دي 16:9 أسود 63CFMATXWW,"lenovo,24.0in",https://shop.smart.sa/ar/AzWNAYA,,monitor,,,,,,,,,
3a69c1b4d440,Lenovo Web CAM,لينوفو كاميرا الويب الأساسية FHD 4XC1B34802,lenovo,computer_accessories,الكمبيوتر وملحقاته,https://shop.smart.sa/ar/category/AxRPaD,,199,,unknown,,,,,لينوفو كاميرا الويب الأساسية FHD 4XC1B34802,lenovo,https://shop.smart.sa/ar/gZWZgRg,,,,,,,,,,,
8c5649e615cd,Lenovo Wireless Keyboard and Mouse,لينوفو مجموعة لوحة مفاتيح وماوس لاسلكية احترافية 4X30H56797,lenovo,computer_accessories,الكمبيوتر وملحقاته,https://shop.smart.sa/ar/category/AxRPaD,,339,,unknown,,,,,لينوفو مجموعة لوحة مفاتيح وماوس لاسلكية احترافية 4X30H56797,"lenovo,keyboard",https://shop.smart.sa/ar/ZYEOjQz,,keyboard,,,,,,,,,
afd4377785e4,Lenovo Docking Station,لينوفو قاعدة شحن صغيرة يو اس بي نوع سي 40AU0065UK,lenovo,computer_accessories,الكمبيوتر وملحقاته,https://shop.smart.sa/ar/category/AxRPaD,,549,,unknown,,,,,لينوفو قاعدة شحن صغيرة يو اس بي نوع سي 40AU0065UK,"lenovo,dock",https://shop.smart.sa/ar/onrwzEX,,dock,,,,,,,,,
329b7486c0bc,Lenovo Laptop Bag,لينوفو حافظة نوت بوك ثينك باد اسنشيال 16 انش لون اسود,lenovo,computer_accessories,الكمبيوتر وملحقاته,https://shop.smart.sa/ar/category/AxRPaD,,159,,unknown,,,,,لينوفو حافظة نوت بوك ثينك باد اسنشيال 16 انش لون اسود,"lenovo,case",https://shop.smart.sa/ar/VqnNrKQ,,case,,,,,,,,,
d6805b98a9a3,Lenovo Wireless Mouse,لينوفو ماوس لاسلكي ثينك باد اسينشال 4X30M56887,lenovo,computer_accessories,الكمبيوتر وملحقاته,https://shop.smart.sa/ar/category/AxRPaD,,79.01,,unknown,,,,,لينوفو ماوس لاسلكي ثينك باد اسينشال 4X30M56887,lenovo,https://shop.smart.sa/ar/pQwNNqP,,,,,,,,,,,
d4642ac754f4,Lenovo Wireless Mouse,لينوفو ماوس ثينك باد بلوتوث الصامت 4Y50X88822,lenovo,computer_accessories,الكمبيوتر وملحقاته,https://shop.smart.sa/ar/category/AxRPaD,,139,,unknown,,,,,لينوفو ماوس ثينك باد بلوتوث الصامت 4Y50X88822,lenovo,https://shop.smart.sa/ar/xAgKlPY,,,,,,,,,,,
48c1fd8c5a32,Abjjad app subscription,"تطبيق أبجد، أكبر مكتبة إلكترونية عربية - اشتراك 3 أشهر (بطاقة إهداء ورقية)",abjjad,software,البرمجيات,https://shop.smart.sa/ar/category/QvKYzR,,44.85,,unknown,,,,,"تطبيق أبجد، أكبر مكتبة إلكترونية عربية - اشتراك 3 أشهر (بطاقة إهداء ورقية)",abjjad; software license; Abjjad app subscription; software,https://shop.smart.sa/ar/Yzwmola,,software license,,,,,,,,,
9467a5bd56c3,آرك جي آي اس ArcGIS (Education license),ترخيص تعليمي - برنامج آرك جي آي اس ArcGIS - اشتراك سنة,arcgis,software,البرمجيات,https://shop.smart.sa/ar/category/QvKYzR,,789,,unknown,,,,,ترخيص تعليمي - برنامج آرك جي آي اس ArcGIS - اشتراك سنة,arcgis,https://shop.smart.sa/ar/onjjyGj,,software license,,,,,,,,,
9f350fbe01f2,بريمافيرا P6 بروفيشنال Primavera P6 Professional (Education license),ترخيص تعليمي - برنامج بريمافيرا P6 بروفيشنال Primavera P6 Professional - اشتراك سنة,primavera,software,البرمجيات,https://shop.smart.sa/ar/category/QvKYzR,,9779,,unknown,,,,,ترخيص تعليمي - برنامج بريمافيرا P6 بروفيشنال Primavera P6 Professional - اشتراك سنة,primavera,https://shop.smart.sa/ar/ePzzOWp,,software license,,,,,,,,,
0fbdf4e3ae4e,سوليد ووركس ستاندرد SOLIDWORKS Standard (Education license),ترخيص تعليمي - برنامج سوليد ووركس ستاندرد SOLIDWORKS Standard - اشتراك سنة,solidworks,software,البرمجيات,https://shop.smart.sa/ar/category/QvKYzR,,489,,unknown,,,,,ترخيص تعليمي - برنامج سوليد ووركس ستاندرد SOLIDWORKS Standard - اشتراك سنة,solidworks,https://shop.smart.sa/ar/AzQQwyP,,software license,,,,,,,,,
f9efe2d9a042,ماتلاب MathWorks MATLAB (Education license),ترخيص تعليمي - برنامج ماتلاب MathWorks MATLAB - اشتراك سنة,matlab,software,البرمجيات,https://shop.smart.sa/ar/category/QvKYzR,,1999,,unknown,,,,,ترخيص تعليمي - برنامج ماتلاب MathWorks MATLAB - اشتراك سنة,matlab,https://shop.smart.sa/ar/onjjyKQ,,software license,,,,,,,,,
4cb75745cb9a,SnapComms internal communications platform (quote request),طلب عرض سعر لمنصة التواصل الداخلي سنابكومز SnapComms ENGAGE,snapcomms,software,البرمجيات,https://shop.smart.sa/ar/category/QvKYzR,,,,unknown,,,,,طلب عرض سعر لمنصة التواصل الداخلي سنابكومز SnapComms ENGAGE,snapcomms; software license; SnapComms internal communications platform (quote request); software,https://shop.smart.sa/ar/XeOqRpv,,software license,,,,,,,,,
74b24db58fb0,SnapComms internal communications platform (quote request),طلب عرض سعر لمنصة التواصل الداخلي سنابكومز SnapComms INFORM,snapcomms,software,البرمجيات,https://shop.smart.sa/ar/category/QvKYzR,,,,unknown,,,,,طلب عرض سعر لمنصة التواصل الداخلي سنابكومز SnapComms INFORM,snapcomms; software license; SnapComms internal communications platform (quote request); software,https://shop.smart.sa/ar/RAwPQqN,,software license,,,,,,,,,
5c84f92b645c,IBM SPSS Standard 31 (Education license),ترخيص تعليمي - برنامج IBM SPSS Standard 31 - ترخيص 12 أشهر,ibm,software,البرمجيات,https://shop.smart.sa/ar/category/QvKYzR,,559,,unknown,,,,,ترخيص تعليمي - برنامج IBM SPSS Standard 31 - ترخيص 12 أشهر,ibm; software license; IBM SPSS Standard 31 (Education license); software,https://shop.smart.sa/ar/qQOjQln,,software license,,,,,,,,,
98805fa60821,IBM SPSS Premium 31 (Education license),ترخيص تعليمي - برنامج IBM SPSS Premium 31 - ترخيص 12 شهر,ibm,software,البرمجيات,https://shop.smart.sa/ar/category/QvKYzR,,629,,unknown,,,,,ترخيص تعليمي - برنامج IBM SPSS Premium 31 - ترخيص 12 شهر,ibm; software license; IBM SPSS Premium 31 (Education license); software,https://shop.smart.sa/ar/YgprgXw,,software license,,,,,,,,,
77a1a70f85cb,IBM SPSS Base 31 (Education license),ترخيص تعليمي - برنامج IBM SPSS Base 31 - ترخيص 12 أشهر,ibm,software,البرمجيات,https://shop.smart.sa/ar/category/QvKYzR,,329,,unknown,,,,,ترخيص تعليمي - برنامج IBM SPSS Base 31 - ترخيص 12 أشهر,ibm; software license; IBM SPSS Base 31 (Education license); software,https://shop.smart.sa/ar/ZYpwRmn,,software license,,,,,,,,,
7e2b31f8b726,Wolfram Mathematica (Education license),ترخيص تعليمي - برنامج ولفرام ماثماتيكا Wolfram Mathematica - سنة,wolfram,software,البرمجيات,https://shop.smart.sa/ar/category/QvKYzR,,529,,unknown,,,,,ترخيص تعليمي - برنامج ولفرام ماثماتيكا Wolfram Mathematica - سنة,wolfram; software license; Wolfram Mathematica (Education license); software,https://shop.smart.sa/ar/ePppyov,,software license,,,,,,,,,
2904a94c8fe2,OriginLab (Education license),ترخيص تعليمي - برنامج أورجن لاب OriginLab لرسم وتحليل ومعالجة البيانات - سنة واحدة,originlab,software,البرمجيات,https://shop.smart.sa/ar/category/QvKYzR,,489,,unknown,,,,,ترخيص تعليمي - برنامج أورجن لاب OriginLab لرسم وتحليل ومعالجة البيانات - سنة واحدة,originlab; software license; OriginLab (Education license); software,https://shop.smart.sa/ar/vXWWKby,,software license,,,,,,,,,
23d1a62ee174,Abjjad app subscription,"تطبيق أبجد، أكبر مكتبة إلكترونية عربية - اشتراك 3 أشهر (كود تفعيل)",abjjad,software,البرمجيات,https://shop.smart.sa/ar/category/QvKYzR,,44.85,,unknown,,,,,"تطبيق أبجد، أكبر مكتبة إلكترونية عربية - اشتراك 3 أشهر (كود تفعيل)",abjjad; software license; Abjjad app subscription; software,https://shop.smart.sa/ar/pAbKlqj,,software license,,,,,,,,,
9fd352a58704,"Adobe Creative Cloud (All Apps, 100GB, 1 year)","أدوبي كريتيف كلاود، كل التطبيقات، 100 جيجا بايت، للطلاب والمعلمين فقط - سنة واحدة",adobe,software,البرمجيات,https://shop.smart.sa/ar/category/QvKYzR,,1276.5,,unknown,,,100,,"أدوبي كريتيف كلاود، كل التطبيقات، 100 جيجا بايت، للطلاب والمعلمين فقط - سنة واحدة",ram100,https://shop.smart.sa/ar/BrYdpKY,,software license,,,,,,,,,
d7041e62d9c7,Microsoft Project Plan 5 (1 year),مايكروسوفت بروجيكت بلان 5 - سنة واحدة,microsoft,software,البرمجيات,https://shop.smart.sa/ar/category/QvKYzR,,2499,,unknown,,,,,مايكروسوفت بروجيكت بلان 5 - سنة واحدة,microsoft; software license; Microsoft Project Plan 5 (1 year); software,https://shop.smart.sa/ar/OqmbYxO,,software license,,,,,,,,,
9188724d2bea,Microsoft Project Plan 3 (1 year),مايكروسوفت بروجيكت بلان 3 - سنة واحدة,microsoft,software,البرمجيات,https://shop.smart.sa/ar/category/QvKYzR,,1379,,unknown,,,,,مايكروسوفت بروجيكت بلان 3 - سنة واحدة,microsoft; software license; Microsoft Project Plan 3 (1 year); software,https://shop.smart.sa/ar/rAWXYpO,,software license,,,,,,,,,
5ccb0fc6370b,Microsoft Project Plan 1 (1 year),مايكروسوفت بروجيكت بلان 1 - سنة واحدة,microsoft,software,البرمجيات,https://shop.smart.sa/ar/category/QvKYzR,,448.99,,unknown,,,,,مايكروسوفت بروجيكت بلان 1 - سنة واحدة,microsoft; software license; Microsoft Project Plan 1 (1 year); software,https://shop.smart.sa/ar/gZwXEEp,,software license,,,,,,,,,
f67388867385,Microsoft Visio Plan 2 (1 year),مايكروسوفت فيزيو بلان 2 - سنة واحدة,microsoft,software,البرمجيات,https://shop.smart.sa/ar/category/QvKYzR,,699,,unknown,,,,,مايكروسوفت فيزيو بلان 2 - سنة واحدة,microsoft; software license; Microsoft Visio Plan 2 (1 year); software,https://shop.smart.sa/ar/wWeromz,,software license,,,,,,,,,
50ade0237d65,Microsoft Visio Plan 1 (1 year),مايكروسوفت فيزيو بلان 1 - سنة واحدة,microsoft,software,البرمجيات,https://shop.smart.sa/ar/category/QvKYzR,,269,,unknown,,,,,مايكروسوفت فيزيو بلان 1 - سنة واحدة,microsoft; software license; Microsoft Visio Plan 1 (1 year); software,https://shop.smart.sa/ar/NKXOQeq,,software license,,,,,,,,,
9bfcaa3af564,Microsoft 365 E5 (1 year),مايكروسوفت 365 E5 - سنة واحدة,microsoft,software,البرمجيات,https://shop.smart.sa/ar/category/QvKYzR,,2619,,unknown,,,,,مايكروسوفت 365 E5 - سنة واحدة,microsoft; software license; Microsoft 365 E5 (1 year); software,https://shop.smart.sa/ar/dPjDvNj,,software license,,,,,,,,,
8cd1e3ba5540,Microsoft 365 E3 (1 year),مايكروسوفت 365 E3 - سنة واحدة,microsoft,software,البرمجيات,https://shop.smart.sa/ar/category/QvKYzR,,1659,,unknown,,,,,مايكروسوفت 365 E3 - سنة واحدة,microsoft; software license; Microsoft 365 E3 (1 year); software,https://shop.smart.sa/ar/jZvXAgm,,software license,,,,,,,,,
b9f9fd850625,Microsoft 365 Business Basic (1 year),مايكروسوفت 365 بزنس بيسك - سنة واحدة للاعمال,microsoft,software,البرمجيات,https://shop.smart.sa/ar/category/QvKYzR,,559,,unknown,,,,,مايكروسوفت 365 بزنس بيسك - سنة واحدة للاعمال,microsoft; software license; Microsoft 365 Business Basic (1 year); software,https://shop.smart.sa/ar/XemwAwv,,software license,,,,,,,,,
4e67769e2862,Microsoft 365 Business Standard (1 year),مايكروسوفت 365 بزنس ستاندرد - سنة واحدة للاعمال,microsoft,software,البرمجيات,https://shop.smart.sa/ar/category/QvKYzR,,559,,unknown,,,,,مايكروسوفت 365 بزنس ستاندرد - سنة واحدة للاعمال,microsoft; software license; Microsoft 365 Business Standard (1 year); software,https://shop.smart.sa/ar/jZvXnXV,,software license,,,,,,,,,
f41a76d50cfd,Microsoft 365 Business Premium (1 year),مايكروسوفت 365 بزنس بريميوم - سنة واحدة للاعمال,microsoft,software,البرمجيات,https://shop.smart.sa/ar/category/QvKYzR,,999.01,,unknown,,,,,مايكروسوفت 365 بزنس بريميوم - سنة واحدة للاعمال,microsoft; software license; Microsoft 365 Business Premium (1 year); software,https://shop.smart.sa/ar/ePBazNa,,software license,,,,,,,,,
a1d7798492e7,Windows 11 Pro License,ترخيص مايكروسوفت ويندوز 11 برو,microsoft,software,البرمجيات,https://shop.smart.sa/ar/category/QvKYzR,,649,,unknown,,,,,ترخيص مايكروسوفت ويندوز 11 برو,microsoft,https://shop.smart.sa/ar/DGEBmzw,,software license,,,,,,,,,
